,Price
0,"5,00 €"
1,No hay
2,"0,25 €"
3,"14,95 €"
4,No hay
5,"0,70 €"
6,"48,00 €"
7,No hay
8,"3,49 €"
9,No hay
10,No hay
11,"0,02 €"
12,No hay
13,No hay
14,"0,02 €"
15,No hay
16,"0,74 €"
17,"0,74 €"
18,No hay
19,"0,02 €"
20,No hay
21,"0,05 €"
22,No hay
23,"0,50 €"
24,No hay
25,"0,02 €"
26,No hay
27,"0,02 €"
28,No hay
29,"2,00 €"
30,"0,20 €"
31,No hay
32,No hay
33,"0,02 €"
34,"0,55 €"
35,"0,20 €"
36,No hay
37,"0,02 €"
38,No hay
39,"0,02 €"
40,"7,18 €"
41,"1,00 €"
42,No hay
43,No hay
44,"0,02 €"
45,"0,02 €"
46,"0,02 €"
47,No hay
48,"0,10 €"
49,No hay
50,"0,40 €"
51,"3,00 €"
52,"0,02 €"
53,No hay
54,"0,02 €"
55,No hay
56,"0,02 €"
57,No hay
58,"0,02 €"
59,No hay
60,"4,22 €"
61,"0,02 €"
62,"0,02 €"
63,No hay
64,"0,02 €"
65,No hay
66,"6,00 €"
67,"0,02 €"
68,No hay
69,"0,69 €"
70,"0,25 €"
71,"8,83 €"
72,"0,50 €"
73,"30,00 €"
74,"6,00 €"
75,"0,02 €"
76,No hay
77,"0,02 €"
78,No hay
79,"0,02 €"
80,"3,21 €"
81,"0,02 €"
82,"0,02 €"
83,No hay
84,"0,02 €"
85,No hay
86,"0,02 €"
87,No hay
88,"0,20 €"
89,No hay
90,"0,02 €"
91,No hay
92,"0,50 €"
93,"0,02 €"
94,No hay
95,No hay
96,"0,02 €"
97,No hay
98,"0,50 €"
99,No hay
100,"0,02 €"
101,No hay
102,"0,02 €"
103,No hay
104,"0,02 €"
105,"0,20 €"
106,"0,02 €"
107,"0,02 €"
108,No hay
109,"0,02 €"
110,"8,82 €"
111,"0,02 €"
112,"0,02 €"
113,"0,15 €"
114,"0,20 €"
115,No hay
116,"0,02 €"
117,"6,69 €"
118,"0,02 €"
119,No hay
120,"0,02 €"
121,"0,02 €"
122,"1,49 €"
123,"0,02 €"
124,"0,20 €"
125,"0,05 €"
126,"0,10 €"
127,"0,02 €"
128,No hay
129,"0,02 €"
130,"0,02 €"
131,"0,02 €"
132,No hay
133,"0,02 €"
134,"0,02 €"
135,"0,02 €"
136,"0,02 €"
137,No hay
138,"0,02 €"
139,"0,02 €"
140,"0,02 €"
141,"0,02 €"
142,"0,02 €"
143,"0,02 €"
144,"0,02 €"
145,"0,02 €"
146,No hay
147,"0,90 €"
148,"0,02 €"
149,"0,02 €"
150,"0,15 €"
151,No hay
152,No hay
153,"0,10 €"
154,No hay
155,"6,99 €"
156,"0,10 €"
157,No hay
158,No hay
159,"0,02 €"
160,No hay
161,"0,05 €"
162,No hay
163,"0,02 €"
164,No hay
165,No hay
166,No hay
167,"0,02 €"
168,"0,19 €"
169,No hay
170,"1,00 €"
171,"0,13 €"
172,"0,08 €"
173,"0,05 €"
174,No hay
175,"0,73 €"
176,"0,02 €"
177,"0,02 €"
178,No hay
179,"12,00 €"
180,"0,02 €"
181,"0,02 €"
182,"0,02 €"
183,"0,02 €"
184,"0,49 €"
185,"0,02 €"
186,No hay
187,No hay
188,"0,02 €"
189,No hay
190,No hay
191,"0,14 €"
192,"1,00 €"
193,No hay
194,"0,02 €"
195,"0,50 €"
196,"6,90 €"
197,"0,18 €"
198,"0,02 €"
199,"0,20 €"
200,"0,50 €"
201,"0,45 €"
202,"0,04 €"
203,No hay
204,"0,02 €"
205,"0,02 €"
206,No hay
207,"0,02 €"
208,No hay
209,"0,02 €"
210,"0,39 €"
211,"0,02 €"
212,"5,99 €"
213,"0,03 €"
214,"0,10 €"
215,No hay
216,"0,40 €"
217,No hay
218,"0,02 €"
219,No hay
220,"1,90 €"
221,N/A
222,No hay
223,"0,05 €"
224,"0,40 €"
225,No hay
226,"0,20 €"
227,"4,73 €"
228,"0,05 €"
229,"0,02 €"
230,No hay
231,"0,04 €"
232,"0,05 €"
233,"0,03 €"
234,"0,02 €"
235,"0,05 €"
236,"0,49 €"
237,"0,09 €"
238,"0,05 €"
239,"0,08 €"
240,"0,10 €"
241,"0,02 €"
242,"1,00 €"
243,"0,02 €"
244,"1,00 €"
245,No hay
246,No hay
247,"0,02 €"
248,"0,02 €"
249,"0,10 €"
250,"0,02 €"
251,No hay
252,"0,30 €"
253,"0,05 €"
254,No hay
255,"0,10 €"
256,"0,02 €"
257,No hay
258,"0,20 €"
259,"0,09 €"
260,No hay
261,"0,02 €"
262,No hay
263,"1,98 €"
264,No hay
265,No hay
266,"0,02 €"
267,No hay
268,"0,02 €"
269,No hay
270,"1,24 €"
271,"0,20 €"
272,No hay
273,"1,89 €"
274,"0,02 €"
275,No hay
276,"0,02 €"
277,No hay
278,"0,02 €"
279,No hay
280,"1,50 €"
281,"0,02 €"
282,No hay
283,"0,02 €"
284,No hay
285,"0,02 €"
286,No hay
287,"0,50 €"
288,"0,02 €"
289,No hay
290,"0,02 €"
291,"0,02 €"
292,No hay
293,No hay
294,"0,02 €"
295,No hay
296,"0,02 €"
297,No hay
298,"0,05 €"
299,No hay
300,"0,02 €"
301,"0,02 €"
302,"0,15 €"
303,"0,02 €"
304,"0,20 €"
305,"0,02 €"
306,No hay
307,"0,02 €"
308,No hay
309,"0,02 €"
310,"0,05 €"
311,"0,09 €"
312,"1,49 €"
313,"3,99 €"
314,"5,00 €"
315,No hay
316,"0,10 €"
317,No hay
318,"0,02 €"
319,No hay
320,"0,02 €"
321,No hay
322,"0,02 €"
323,"0,02 €"
324,No hay
325,"0,02 €"
326,"0,06 €"
327,No hay
328,"0,05 €"
329,"0,02 €"
330,No hay
331,"0,05 €"
332,No hay
333,"0,02 €"
334,"0,02 €"
335,"0,02 €"
336,"0,05 €"
337,"0,05 €"
338,No hay
339,"0,02 €"
340,No hay
341,"0,10 €"
342,No hay
343,"0,02 €"
344,N/A
345,"0,02 €"
346,"4,89 €"
347,"0,02 €"
348,No hay
349,"0,02 €"
350,"0,08 €"
351,"0,02 €"
352,No hay
353,"0,02 €"
354,No hay
355,"0,05 €"
356,"0,02 €"
357,"0,15 €"
358,"0,02 €"
359,"0,11 €"
360,No hay
361,"0,05 €"
362,No hay
363,"0,05 €"
364,"0,02 €"
365,No hay
366,"0,02 €"
367,"0,02 €"
368,"0,02 €"
369,"0,02 €"
370,No hay
371,"0,05 €"
372,"0,05 €"
373,No hay
374,"0,08 €"
375,"0,20 €"
376,"0,02 €"
377,"0,02 €"
378,"0,02 €"
379,"0,02 €"
380,"0,02 €"
381,"0,05 €"
382,"0,02 €"
383,"0,05 €"
384,"0,20 €"
385,"0,02 €"
386,No hay
387,No hay
388,"0,05 €"
389,No hay
390,No hay
391,"0,02 €"
392,No hay
393,No hay
394,"0,02 €"
395,No hay
396,No hay
397,"0,02 €"
398,No hay
399,"0,15 €"
400,No hay
401,"0,04 €"
402,No hay
403,No hay
404,"0,02 €"
405,No hay
406,"0,05 €"
407,No hay
408,"0,06 €"
409,No hay
410,"0,02 €"
411,No hay
412,"0,02 €"
413,"0,02 €"
414,No hay
415,"0,02 €"
416,"0,02 €"
417,No hay
418,"0,02 €"
419,No hay
420,"0,07 €"
421,No hay
422,"0,02 €"
423,"0,02 €"
424,No hay
425,"0,06 €"
426,No hay
427,"0,05 €"
428,"0,02 €"
429,"0,02 €"
430,No hay
431,"0,02 €"
432,No hay
433,No hay
434,"0,03 €"
435,No hay
436,"0,05 €"
437,No hay
438,"0,02 €"
439,No hay
440,No hay
441,"0,02 €"
442,No hay
443,No hay
444,"0,05 €"
445,"0,10 €"
446,No hay
447,"0,02 €"
448,No hay
449,"0,02 €"
450,No hay
451,"0,03 €"
452,No hay
453,"0,02 €"
454,"0,10 €"
455,No hay
456,No hay
457,No hay
458,No hay
459,"0,02 €"
460,"0,02 €"
461,"0,10 €"
462,"0,02 €"
463,"0,02 €"
464,"0,02 €"
465,"0,02 €"
466,"0,02 €"
467,"0,02 €"
468,"0,02 €"
469,"0,02 €"
470,"0,02 €"
471,"0,02 €"
472,"0,02 €"
473,"0,02 €"
474,"0,02 €"
475,"0,02 €"
476,"0,02 €"
477,"0,02 €"
478,"0,02 €"
479,"1,00 €"
480,"0,60 €"
481,"0,20 €"
482,"0,02 €"
483,"0,02 €"
484,"0,02 €"
485,"0,02 €"
486,"0,02 €"
487,"0,02 €"
488,"0,02 €"
489,"0,02 €"
490,"0,02 €"
491,"0,02 €"
492,No hay
493,"0,02 €"
494,No hay
495,No hay
496,"0,02 €"
497,No hay
498,No hay
499,"0,05 €"
500,No hay
501,No hay
502,"0,02 €"
503,No hay
504,No hay
505,No hay
506,No hay
507,"0,02 €"
508,No hay
509,"0,02 €"
510,No hay
511,"0,03 €"
512,No hay
513,"0,02 €"
514,No hay
515,"0,03 €"
516,No hay
517,"0,05 €"
518,No hay
519,No hay
520,"0,02 €"
521,No hay
522,"0,05 €"
523,No hay
524,No hay
525,"0,02 €"
526,"0,05 €"
527,"0,05 €"
528,No hay
529,"0,02 €"
530,No hay
531,No hay
532,No hay
533,"0,02 €"
534,No hay
535,No hay
536,"0,02 €"
537,No hay
538,No hay
539,No hay
540,No hay
541,"0,02 €"
542,No hay
543,No hay
544,"0,02 €"
545,No hay
546,"0,02 €"
547,No hay
548,"0,02 €"
549,No hay
550,No hay
551,No hay
552,"0,02 €"
553,No hay
554,"0,02 €"
555,"0,02 €"
556,No hay
557,"0,04 €"
558,No hay
559,"0,03 €"
560,"0,02 €"
561,No hay
562,"0,02 €"
563,No hay
564,"0,02 €"
565,No hay
566,"0,02 €"
567,No hay
568,"0,02 €"
569,No hay
570,"0,02 €"
571,No hay
572,"0,09 €"
573,No hay
574,No hay
575,"0,02 €"
576,No hay
577,No hay
578,"0,15 €"
579,No hay
580,"0,02 €"
581,No hay
582,No hay
583,"0,02 €"
584,No hay
585,"0,02 €"
586,No hay
587,No hay
588,"0,02 €"
589,No hay
590,"0,02 €"
591,No hay
592,"0,02 €"
593,"0,02 €"
594,No hay
595,"0,02 €"
596,No hay
597,"0,02 €"
598,"0,02 €"
599,"0,02 €"
600,"0,02 €"
601,No hay
602,No hay
603,"0,02 €"
604,No hay
605,"0,09 €"
606,No hay
607,No hay
608,"0,02 €"
609,No hay
610,No hay
611,"0,02 €"
612,No hay
613,"0,02 €"
614,No hay
615,No hay
616,"0,02 €"
617,No hay
618,No hay
619,No hay
620,"0,02 €"
621,No hay
622,"0,02 €"
623,No hay
624,"0,03 €"
625,"0,02 €"
626,No hay
627,"0,02 €"
628,No hay
629,"0,03 €"
630,No hay
631,"0,02 €"
632,No hay
633,No hay
634,"0,02 €"
635,No hay
636,"0,02 €"
637,"0,02 €"
638,"0,02 €"
639,"0,02 €"
640,"0,02 €"
641,"0,02 €"
642,"0,03 €"
643,"0,02 €"
644,"0,02 €"
645,"0,02 €"
646,"0,02 €"
647,"0,02 €"
648,"0,10 €"
649,No hay
650,No hay
651,"0,40 €"
652,No hay
653,No hay
654,"0,02 €"
655,No hay
656,No hay
657,"0,02 €"
658,No hay
659,"0,02 €"
660,No hay
661,No hay
662,"0,02 €"
663,No hay
664,No hay
665,"0,02 €"
666,No hay
667,"0,02 €"
668,No hay
669,No hay
670,"0,02 €"
671,No hay
672,"0,45 €"
673,No hay
674,"0,02 €"
675,"0,93 €"
676,No hay
677,"0,02 €"
678,No hay
679,No hay
680,"0,02 €"
681,No hay
682,"0,10 €"
683,No hay
684,"0,02 €"
685,No hay
686,"0,02 €"
687,No hay
688,"0,02 €"
689,No hay
690,"0,02 €"
691,No hay
692,"0,02 €"
693,No hay
694,"0,02 €"
695,No hay
696,"1,20 €"
697,No hay
698,"0,90 €"
699,"0,25 €"
700,"0,02 €"
701,No hay
702,"0,02 €"
703,No hay
704,No hay
705,"0,02 €"
706,"0,02 €"
707,No hay
708,"0,02 €"
709,No hay
710,"0,02 €"
711,No hay
712,"0,02 €"
713,No hay
714,"0,02 €"
715,"0,02 €"
716,"0,02 €"
717,"0,02 €"
718,"0,02 €"
719,"0,02 €"
720,"0,02 €"
721,No hay
722,No hay
723,"0,02 €"
724,No hay
725,No hay
726,"0,02 €"
727,No hay
728,No hay
729,"0,02 €"
730,No hay
731,No hay
732,"0,02 €"
733,No hay
734,"0,02 €"
735,No hay
736,No hay
737,"0,02 €"
738,No hay
739,"0,07 €"
740,"0,02 €"
741,No hay
742,"0,02 €"
743,No hay
744,"0,02 €"
745,"0,02 €"
746,No hay
747,"0,10 €"
748,No hay
749,"0,02 €"
750,No hay
751,"0,02 €"
752,No hay
753,No hay
754,No hay
755,"0,02 €"
756,No hay
757,"0,02 €"
758,No hay
759,"0,02 €"
760,No hay
761,No hay
762,"0,02 €"
763,"0,02 €"
764,"0,02 €"
765,"0,02 €"
766,No hay
767,"0,02 €"
768,No hay
769,"0,02 €"
770,No hay
771,"0,02 €"
772,No hay
773,"0,46 €"
774,No hay
775,"0,05 €"
776,No hay
777,"0,02 €"
778,"0,02 €"
779,"0,02 €"
780,"0,02 €"
781,No hay
782,No hay
783,"0,02 €"
784,"0,02 €"
785,"0,02 €"
786,"0,02 €"
787,"0,10 €"
788,No hay
789,No hay
790,"0,02 €"
791,"0,02 €"
792,No hay
793,"0,20 €"
794,"0,78 €"
795,"0,05 €"
796,No hay
797,"0,02 €"
798,"0,04 €"
799,"0,10 €"
800,"0,02 €"
